id,query,gui_index,WorkerId
72,app for football team players overview with videos,5478,A1CLIAQI9N8YOJ
259,Call logs with no history,46731,ASL3NA8PT15JU
297,page contain the searchbar for song,64908,A2TXLKAOJJ9BEK
392,expandable side menu,6565,A1FV1XP2UU0EVH
142,Good restaurants for Valentine's day,60496,A218PYL0KI07IO
253,Events estimation,45130,AVRMXTZHUCXXL
39,French appl for traffic stations,10002,A1CLIAQI9N8YOJ
145,"Search a flight by providing the provenance, destination, number of ways, date you intend to travel and the class",387,ABOC5IITA7DV1
101,photo preview app with zoomIn zoomOut options,39626,A32ATJF7ZENBWH
176,List Item with Tab Color,67394,A1QOJGSZEZXSE1
309,"search bar with list of  connecters name ,favorites and all",43096,AFWYEWB3W0ZSB
439,login screen,49706,A1FV1XP2UU0EVH
53,"test article, options",46234,A8BH4CXKWP6PW
396,Womens sexual healthcare,22864,ASL3NA8PT15JU
99,Sign-in with Facebook data in which name or email address included,36127,A1P9OU1YPIQVW7
314,old facebook sign up page,50769,A1UOWWUH9WVUOH
285,Text insert with keyboard,33506,A12EE9K9VY7XXF
154,Settings with regionbnews,49255,A13HTFAO25P3U4
134,start screen,39774,A27GOFWHEHV758
353,Search icon with Menu and Chat Icon and advertisement,30371,A1QOJGSZEZXSE1
82,sign up with email,31541,A8BH4CXKWP6PW
109,sign up with welcome Bonus,34735,A32ATJF7ZENBWH
16,It display the Map with search bar,61599,A2TXLKAOJJ9BEK
115,page contaion the current and saved location,58357,A2TXLKAOJJ9BEK
295,Details about cards and numbers,43707,A3BXLWKSBUO002
65,App for jokes and funny image posting,53353,A13HTFAO25P3U4
5,screen with select single answer,37856,A3HN5JOPRIKMNU
379,terms of chocoapp,45906,A2TXLKAOJJ9BEK
234,a sreen to enter the personal details,27474,ABREXWFU9D3WR
3,Price comparison application showing discounts and chash back,6928,A26BOJ0O91EIBR
237,Account creation with selection menu,23798,AFWYEWB3W0ZSB
18,alarm,35918,A3CR6XU8373Z2N
84,RN Mentor Quiz,54284,AE2M19TCQJWI
318,In car USB connection with eService and UVO,19566,A26BOJ0O91EIBR
144,List of blocked accounts and contacts,35058,AE2M19TCQJWI
154,menu to choose between different options for organising ebooks,5231,A3CP44KT0KLT69
413,adjust actions in the settings,41466,A1NFUUQF4T9KXM
159,Country code listing,7300,A13HTFAO25P3U4
94,sign up for baby care,52122,A23IXWZNWDLTNT
141,Searching Engine with search bar for phrases starting with How to,26423,A26BOJ0O91EIBR
81,search location,52330,AFWTKS209SFQY
316,list with favorite button and Ads bar,21912,A3CUDF4JR3QTS4
95,weather and forecasting app with weather station selection,56692,A1CLIAQI9N8YOJ
140,video editor,18234,A3CUDF4JR3QTS4
229,"buy item, image recorder, ads",40061,A8BH4CXKWP6PW
80,web advertising for an app with continue and skip button,1942,A11B0Q26E3U79M
189,Collapsible and Expandable List with Navigation bar and Fix Header,3183,A1QOJGSZEZXSE1
275,Mobile Bible Reader Application,12789,AE2M19TCQJWI
333,Japanese anime books and ads,50541,A1V8T0ZHN29U5H
427,food and restaurants list,66329,A1V8T0ZHN29U5H
372,downloading the image with brief dscription,68091,A3NDKVYPTBWPEO
8,top world news,5167,A23IXWZNWDLTNT
81,Model Selection,4616,AE2M19TCQJWI
366,Search with search results,52196,A34Z73OAWYW014
246,Settings menu,1217,A1FV1XP2UU0EVH
59,selecting different devices,39281,A3CR6XU8373Z2N
57,Microsoft corp with stock,30461,A13HTFAO25P3U4
112,latest keypad themes,21480,A6KII16FVGPFF
233,PitchLab,27641,A1250SSIMRQ3JA
241,feedback bar in PayNearMe,53870,A1UOWWUH9WVUOH
150,"search bar with results in Science, Textbook Solutions and Online Tuition",42111,A32ATJF7ZENBWH
76,cheese,64438,A20EIK9C477PTC
298,cell phone storage structure,62027,A23IXWZNWDLTNT
248,"book reader with ""Become a Member"" button",40696,A3CUDF4JR3QTS4
123,weather application screen's side menu,51829,A3HN5JOPRIKMNU
130,Trivago-Threats of pandemic and climate change an 'opportunity' to enhance local travel,33084,A3TTSFVAJHM947
110,podcast episode screen with download option,47138,A3HN5JOPRIKMNU
33,information description with login button,13352,A1WH1CTOZHV7YR
227,Menu for a music player app with ten different buttons,71867,A11B0Q26E3U79M
349,select which sports news to appear,18949,ASL3NA8PT15JU
51,"search bar with shopping categories, discount advertisement and account maintenance",833,AFWTKS209SFQY
64,News with detail,39546,A34Z73OAWYW014
4,learn english easily,23185,A23IXWZNWDLTNT
12,Dropdown options in ascending order,71586,A3HN5JOPRIKMNU
42,find your life partner,24661,A23IXWZNWDLTNT
161,how can i find the best personal servises,56562,A6KII16FVGPFF
296,photography filter,8879,A2KNN0T650FQ01
146,privacy policy aceptacion,2076,A27GOFWHEHV758
6,Main screen,68694,A1FV1XP2UU0EVH
443,FAQ YapStone support search button and missing site message,36059,A3G2CWQ5OV8AHE
341,location map window with search bar,25717,A3CUDF4JR3QTS4
279,Image editing,24881,AFWTKS209SFQY
388,JO-ANN GUI interface,46803,A23IXWZNWDLTNT
155,Advert for weather reporting,43850,A1NW9UWTFS14S5
246,Settings for network usuage-bahaviour-history,19860,A3TTSFVAJHM947
373,camera purchase reviews for beginners,8601,A8PRJZR3J6UTF
3,list of data with image and details,25117,A2G11CAPXX5616
305,search bar with various categories of GIFs,57835,AFWTKS209SFQY
441,search for works in  a map,39682,A1UOWWUH9WVUOH
31,search bar with  list of application with its image,61954,AFWYEWB3W0ZSB
65,blood glucose tracker side bar,47499,A1V8T0ZHN29U5H
48,Post results with postings,29061,A34Z73OAWYW014
41,sharing hair care tips through various mediums,71288,A1UOWWUH9WVUOH
198,Close Button and Image Grid with Image card and Plus Icon overlay,41568,A1QOJGSZEZXSE1
137,"Setting of notification with label, time, when and days",22867,A36COHZCHGHYD3
224,veggie medley salad recipe with nutrition and serving information,70042,AFWTKS209SFQY
450,four tabs with calander,15688,A3CUDF4JR3QTS4
190,Registration for the services,11918,A3IP4RARMM3X4A
215,share prompt  for a fitness app,53967,A1UOWWUH9WVUOH
317,"Filter settings for choosing price range, number of beds and baths",42503,A3CP44KT0KLT69
9,learning app,28141,A2KNN0T650FQ01
150,table with information about controls on foot,60323,A1NW9UWTFS14S5
141,Weather app,36651,A1250SSIMRQ3JA
149,loading page of happy hours,26963,A2TXLKAOJJ9BEK
379,search bar with result list showing song preview image and name,67905,AFWYEWB3W0ZSB
265,Tennis championships players ranking,43130,A1CLIAQI9N8YOJ
86,blood test with data entry and unit selection,25151,A1WH1CTOZHV7YR
321,bloomberg,49462,A20EIK9C477PTC
46,Translation with results,16357,A34Z73OAWYW014
249,search bar with add a favorite,30002,A1R6ELRI4GR9XF
270,Music Album,4973,A1JBSNWSI7VKQO
76,"feedback request, whether you like it, with options yes or feedback and emojis",4707,A3G2CWQ5OV8AHE
67,Travel with ease with tracking,7899,ASL3NA8PT15JU
213,search page of dolphin.com,7152,A2TXLKAOJJ9BEK
15,prompt to add a suite to  Wishlist,18297,A1UOWWUH9WVUOH
380,home page of dictionary with word of day,16110,A2TXLKAOJJ9BEK
18,unknown album playlist,39515,AFWTKS209SFQY
288,maternity scheduler with timetable,14230,A1UOWWUH9WVUOH
240,map display the error of voice recognization,9246,A2TXLKAOJJ9BEK
6,how can i change this settings,52964,A6KII16FVGPFF
307,Search bar with a text and a page showing no results,67718,ABOC5IITA7DV1
304,shopping list app,922,A2KNN0T650FQ01
23,Information screen to add a tabatas in a tabatas list app,49331,A11B0Q26E3U79M
245,"login screen, landing page",879,A1FV1XP2UU0EVH
18,UI for reminder notes,4413,A2G11CAPXX5616
287,e-commerce for online selling and buying,70937,A1NW9UWTFS14S5
375,Options menu,34240,A1NW9UWTFS14S5
89,Card with image and text with link button,51118,A1QOJGSZEZXSE1
252,reader's view of an article of Time,50666,AV5170KNIBKL6
338,sign up page for a dating application,23576,A1UOWWUH9WVUOH
135,Forum app to meet people and join discussions,70594,A1CLIAQI9N8YOJ
283,"News with result list showing items such as Bitcoin Magazine, CoinDesk",34473,A3T1ZTIWDIOXMX
411,countdown timer with a list of options,57318,A3CUDF4JR3QTS4
105,select location,69822,A1FV1XP2UU0EVH
104,search job locations in desired place,38323,AFWTKS209SFQY
127,dropdown for country and text box for contact number with number only keyboard,33194,A1QOJGSZEZXSE1
151,Weekday digest for meal planning,6044,A1NW9UWTFS14S5
144,T20 Cricket Live Chat,61947,AE2M19TCQJWI
242,2D graph with a point and its dimensions,61057,A1UOWWUH9WVUOH
60,sharing files service,53377,A23IXWZNWDLTNT
409,Job feed for online job posting,38318,A1NW9UWTFS14S5
82,Text window wth search tool,71819,A3CUDF4JR3QTS4
324,List of notifications,47119,A1NW9UWTFS14S5
196,"App for Journey from one place to another , booking the seats",43369,A1JBSNWSI7VKQO
231,"research of specific year, month, and day",3390,A8BH4CXKWP6PW
102,translation from chinese to english with favorites word storage,35168,AFWTKS209SFQY
248,"Settings with account, alert frequency and alert type",38321,A12EE9K9VY7XXF
276,my net diary with many options,8337,A3BXLWKSBUO002
96,Country picker,68533,A12EE9K9VY7XXF
393,sharing privacy settings,38969,A27GOFWHEHV758
383,the best calculator,69034,A6KII16FVGPFF
105,search bar with audio upload feature,33471,A8PRJZR3J6UTF
200,sign-in with Google account with less information,48180,A1P9OU1YPIQVW7
46,"Filter Nav bar with Search icon, Cart, product name, product image, product rating and Menu",17175,A1QOJGSZEZXSE1
151,Listing the items with attractive images,9267,A3NDKVYPTBWPEO
123,Inbox design and themes,12059,A2G11CAPXX5616
342,google map with details,12353,A1R6ELRI4GR9XF
207,Add blocker,56729,A1250SSIMRQ3JA
132,login screen,43412,A1FV1XP2UU0EVH
142,Find a barber,71571,A3IP4RARMM3X4A
7,Different Language choice keypad,45339,A1JBSNWSI7VKQO
43,camera notification message,42512,A2KNN0T650FQ01
244,Calendar with monthly layout for promotions,64069,A1NW9UWTFS14S5
127,see game history,56089,A3CR6XU8373Z2N
232,Menu should be in ascending order to make more friendly,64028,A3HN5JOPRIKMNU
26,List of chapers with name and status,64519,A12EE9K9VY7XXF
19,photo viewer,31048,A3CP44KT0KLT69
10,us immigration news,18726,A2KNN0T650FQ01
88,Weather Forecast,7725,AE2M19TCQJWI
78,create notifications,52979,A3CP44KT0KLT69
8,"app settings with permissions, notifications, phone numbers and about",46075,AFWTKS209SFQY
437,loading screen on app,50768,A2KNN0T650FQ01
262,infrormation screen about unavailble service,17620,A27GOFWHEHV758
83,GPS Location finder,39575,A1JBSNWSI7VKQO
266,alarm to organize my work,61177,A23IXWZNWDLTNT
237,"Search bar with a searching function and entries like home, weather, traffic, radar, closings & delays",37419,A36COHZCHGHYD3
35,most viewed report of the week,47628,A27GOFWHEHV758
452,in shape water schedule by date,30327,A1R6ELRI4GR9XF
116,elementary podcast British council,58308,ASL3NA8PT15JU
22,live breaking news video with another top stories article and video,5235,AV5170KNIBKL6
461,expandable side menu,14215,A1FV1XP2UU0EVH
228,voice changer with many buttons,45268,A3CUDF4JR3QTS4
238,video show of a tattoo,51384,A1NFUUQF4T9KXM
220,Overview of a holiday room with pictures and features,41847,A11B0Q26E3U79M
1,ecommerce portal homescreen with search bar and frequently used option,53479,A3HN5JOPRIKMNU
45,login screen,45861,A2KNN0T650FQ01
49,Menu with menu options,40960,A34Z73OAWYW014
345,Body care products,20162,ASL3NA8PT15JU
180,word levels,36189,A2JJQ4KXJCPDAW
77,bottom menu,47832,A1FV1XP2UU0EVH
254,privacy policy with types of collected information,8453,A1WH1CTOZHV7YR
98,Chinese emergency words in English,27561,A1250SSIMRQ3JA
382,"Text reading,search bar, ads, and share",29775,A8BH4CXKWP6PW
284,recognizing plants by picture,49102,A2KNN0T650FQ01
357,newsfeed with articles and image,67353,AQ6IZ8Q7EHQQE
188,"DealNews application with sign in, feedback, top deals and categories",38384,A26BOJ0O91EIBR
259,informations about Grace Chan,17255,A1NFUUQF4T9KXM
292,income and expenses reports,26054,A23IXWZNWDLTNT
371,lists,5436,A20EIK9C477PTC
17,expandable side menu,12792,A1FV1XP2UU0EVH
269,spin and win rewards app,47945,A1CLIAQI9N8YOJ
332,channels overview,62180,A27GOFWHEHV758
397,shopping lists app with ability to share,4783,A1CLIAQI9N8YOJ
254,song with the artist picture and pause button,45243,A2TXLKAOJJ9BEK
256,meet peopple feature me women selfies,50320,A1V8T0ZHN29U5H
406,A list of Games,1309,A1JBSNWSI7VKQO
63,search bar that include the dish and resturent name,4793,A2TXLKAOJJ9BEK
48,pop up menu,19063,A1FV1XP2UU0EVH
125,playlists overview with favorites and playlistis names,44035,A1WH1CTOZHV7YR
320,information with get started,52301,A1R6ELRI4GR9XF
99,Details listed with all the Major Satellites,42375,A3NDKVYPTBWPEO
223,keypad dialer theme,40339,AFWYEWB3W0ZSB
425,search coffee with location,2696,AV5170KNIBKL6
51,Web advertising for online shop,43530,A11B0Q26E3U79M
290,various emojis,62124,A3CR6XU8373Z2N
174,rent a car,32444,A23IXWZNWDLTNT
247,Units to measure volume,72081,A23IXWZNWDLTNT
83,choose a location,40965,A34Z73OAWYW014
66,creating profile with  email using username email id and password,40816,A1UOWWUH9WVUOH
261,open garden forum,17677,AFWTKS209SFQY
256,News with videos,18890,A3IP4RARMM3X4A
271,picture of a robot with explanations,25996,A3CR6XU8373Z2N
231,Login Scren of an app,25425,A11B0Q26E3U79M
243,a news with a share icon,21244,A3BXLWKSBUO002
63,food tutorial apps with background music,61223,A8PRJZR3J6UTF
26,Android application typical notification window,52436,A2NA5304C0C5FQ
278,Booking a lounge at the airport,57682,A218PYL0KI07IO
391,overview of livestream shows,24998,A3G2CWQ5OV8AHE
436,language learning app,27741,A2KNN0T650FQ01
335,flag and find locations,51158,AVRMXTZHUCXXL
73,Chinese dating app describing its features,56919,A1UOWWUH9WVUOH
170,Navigation and settings panel,4895,AFWTKS209SFQY
166,Yalla shoot app,54720,A13HTFAO25P3U4
420,down nearby picks,31953,A1NFUUQF4T9KXM
61,a news and an advertisement,56632,A3BXLWKSBUO002
40,Most demanded news and article,7762,A8BH4CXKWP6PW
86,shopping categories,37710,A1FV1XP2UU0EVH
197,Mobile UI for settings page,64671,A2G11CAPXX5616
2,today storms updates,69974,A6KII16FVGPFF
71,Mp3 + player +  software,39444,A1250SSIMRQ3JA
70,history of experienced staff,14251,A1V8T0ZHN29U5H
418,broadcasting sport app,51474,A1CLIAQI9N8YOJ
168,Tabs for exams and grading,49646,A1NW9UWTFS14S5
399,NBC news,37500,A1250SSIMRQ3JA
126,screen with different measurements of a women's picture,66134,ABREXWFU9D3WR
171,ingredients of crust less breakfast,7928,A3BXLWKSBUO002
350,a list of songs,61929,A1NFUUQF4T9KXM
329,share news with another shareable options,45216,AV5170KNIBKL6
28,List of states and a menu,6622,A12EE9K9VY7XXF
212,This is good example for information screen,7465,A3HN5JOPRIKMNU
108,Wildlife NEWS overview with video and text,13880,A26BOJ0O91EIBR
33,search bar with key words under specified categories,56905,A3NDKVYPTBWPEO
4,screen of a task manager showing open tasks of the mobile phone,62586,A11B0Q26E3U79M
118,Introductory message for startup,52920,A1NW9UWTFS14S5
258,sign up to ASOS,4322,A23IXWZNWDLTNT
148,Map app with the ability of sharing the location with different social media applications,40412,A32ATJF7ZENBWH
109,Sign in with Twitter-allows Twitter users to enjoy the benefits of a registered user account,66815,A3TTSFVAJHM947
4,text editing with their options,4396,AV5170KNIBKL6
87,guitar lessons app for left handed people,38823,A8PRJZR3J6UTF
163,emoticons of yellow faces to choose from,30432,AQ6IZ8Q7EHQQE
309,game user guide,12609,A27GOFWHEHV758
43,food photo with ingredients,42425,A1R6ELRI4GR9XF
195,App that display the shop and store locators and account details,63776,A2TXLKAOJJ9BEK
14,gaming tickets with account manager,39559,A1WH1CTOZHV7YR
308,countries-based news app,25210,A1CLIAQI9N8YOJ
331,List of dropdown categories,67401,A12EE9K9VY7XXF
343,a pop up window to choose in which to share,13855,A3BXLWKSBUO002
45,google map with search bar,24749,A1R6ELRI4GR9XF
328,"search bar with result a list showing person with name, adress, price and image, with option call now or send enqury",19885,A3T1ZTIWDIOXMX
463,choose primary use for cash for personal or business,32392,A1R6ELRI4GR9XF
24,Confirmation dialogue box for switching application with option to proceed and go back,21297,A2NA5304C0C5FQ
97,video review with send as message button,44177,A1WH1CTOZHV7YR
201,playlists with other options in music player,25514,AV5170KNIBKL6
311,Team selection bar,43148,A36COHZCHGHYD3
76,Tutorial for newly installed browser,65334,A3IP4RARMM3X4A
32,Translation page with UI,70252,A2G11CAPXX5616
273,list of football players,17533,A3CUDF4JR3QTS4
8,Login with organitzation address and password,51947,A12EE9K9VY7XXF
385,Tickets website show the register page,35976,A2TXLKAOJJ9BEK
53,"Registration with email, full name, public username and country",40401,A36COHZCHGHYD3
1,Review with description,33340,AFWYEWB3W0ZSB
102,"Site showing papers with Title, Release date, advisory ID, and Summary",41528,A26BOJ0O91EIBR
31,Application screen for find the phone number information,15516,A3HN5JOPRIKMNU
28,low carbs shakes,65741,A27GOFWHEHV758
163,Invitation with share link,46292,A34Z73OAWYW014
208,a language window with many options,70036,ABREXWFU9D3WR
97,fun,17201,A3CR6XU8373Z2N
12,Search bar with attractive pictures as well as date and names,46612,A3NDKVYPTBWPEO
401,Login form with validation,59701,A2G11CAPXX5616
0,"Application with writing reviews, bookmarks, and invoices",48513,A26BOJ0O91EIBR
26,request for application update,54682,A3HN5JOPRIKMNU
104,moblie locking apps,19109,A6KII16FVGPFF
444,profile window with a button to take a photo or select it from galary,38535,A3CUDF4JR3QTS4
131,details for disclaimer,28675,A1NW9UWTFS14S5
139,"Start screen of a photo editing program with buttons like your photos, use camera, from facebook and cool photos",50679,A36COHZCHGHYD3
267,Great American Ball Park Tickets Booking and Schedule Updates,36046,AE2M19TCQJWI
230,Sign up screen with user details,8109,A3HN5JOPRIKMNU
96,buying many items at once,38078,A3CR6XU8373Z2N
62,Personalised Timer,35384,AE2M19TCQJWI
355,search bar with contact list with profile picture and all other applications,47542,A3NDKVYPTBWPEO
